Target,MAE,RMSE,R2,Avg_True,Avg_Pred
time_to_hire_days,0.15121159172058105,0.25794101483242654,0.9998795032241106,47.771,47.772193908691406
cost_per_hire,263.4800306963562,366.6897306063695,0.981438779379823,5144.879033499999,5143.5331852075815
offer_acceptance_rate,0.17629023284700074,0.20533624775827616,-0.006045396672706538,0.63816,0.6540799656882215
